mlbam_name,fangraphs_name
Jacob Latz,Jake Latz
Michael Soroka,Mike Soroka
Brad Lord,Bradley Lord
Cam Schlittler,Cameron Schlittler
Jack Perkins,Jackson Perkins
AJ Blubaugh,A.J. Blubaugh
